name,email
John Doe,john@example.com
Jane Smith,jane@example.com
Michael Brown,michael.brown@example.com
Emily Davis,emily.davis@example.com
Daniel Wilson,daniel.wilson@example.com
Olivia Johnson,olivia.johnson@example.com
James Anderson,james.anderson@example.com
Sophia Martinez,sophia.martinez@example.com
William Taylor,william.taylor@example.com
Isabella Thomas,isabella.thomas@example.com
Liam Harris,liam.harris@example.com
Mia Clark,mia.clark@example.com
Noah Lewis,noah.lewis@example.com
Ava Walker,ava.walker@example.com
Ethan Hall,ethan.hall@example.com
Charlotte Allen,charlotte.allen@example.com
Lucas Young,lucas.young@example.com
Amelia King,amelia.king@example.com
Mason Wright,mason.wright@example.com
Harper Scott,harper.scott@example.com
Logan Green,logan.green@example.com
Evelyn Baker,evelyn.baker@example.com
Alexander Adams,alexander.adams@example.com
Abigail Nelson,abigail.nelson@example.com
Elijah Carter,elijah.carter@example.com
Ella Mitchell,ella.mitchell@example.com
Benjamin Perez,benjamin.perez@example.com
Scarlett Roberts,scarlett.roberts@example.com
Jacob Turner,jacob.turner@example.com
Grace Phillips,grace.phillips@example.com